first name,last name,email
John,Doe,john.doe@example.com
Jane,Smith,jane.smith@example.com
Alice,Jones,alice.jones@example.com
Bob,Brown,bob.brown@example.com
Maria,Lopez,maria.lopez@example.com
Mark,White,mark.white@example.com
Susan,Clark,susan.clark@example.com
Tom,Harris,tom.harris@example.com
Emma,Watson,emma.watson@example.com
Michael,Smith,michael.smith@example.com
Lucas,Martinez,lucas.martinez@example.com
Olivia,Moore,olivia.moore@example.com
